nom.string(),type.string(),adresse.string(),ville.string(),pays.string(),telephone.string(),url.string(),latitude.double(),longitude.double(),iso2.string(),fax.string(),email.string(),ouvert.boolean(),pays_sup.string(),iso3.string(),continent.string()
Ambassade de France en  Afghanistan,ambassade,"Avenue de Cherpour, Chahr-e-Nao",b'KABOUL',b'AFGHANISTAN',+93700284032,https://af.ambafrance.org/,34.529204747183,69.179513454437,AF,,,True,,AFG,ASIE
Ambassade de France en  Afrique du Sud,ambassade,"250, Melk street - New Muckleneuk",b'PRETORIA',b'AFRIQUE DU SUD',+27124251600,https://za.ambafrance.org/-Francais-,-25.772561642826,28.226789832115,ZA,+27124251609,france@ambafrance-rsa.org,True,LS|MW,ZAF,AFRIQUE
Consulat Général de France au Cap,consulat,"78, Queen Victoria Street Gardens",b'CAPE TOWN',b'AFRIQUE DU SUD',+27214231575,https://lecap.consulfrance.org/,-33.92784,18.41506,ZA,,consulat.le-cap-fslt@diplomatie.gouv.fr,True,,ZAF,AFRIQUE
Consulat Général de France à Johannesburg,consulat,"Standard Bank Building - 3e étage - 191, Jan Smuts Avenue PO Box 1027",b'JOHANNESBURG',b'AFRIQUE DU SUD',+277785600,https://johannesburg.consulfrance.org/,-26.14557,28.03534,ZA,+277785601,info.johannesburg-fslt@diplomatie.gouv.fr,True,,ZAF,AFRIQUE
Ambassade de France en  Albanie,ambassade,"Rruga Skënderbej, 14",b'TIRANA',b'ALBANIE',+35542389700,https://al.ambafrance.org,41.330180834046,19.808008852779,AL,,,True,,ALB,EUROPE
Ambassade de France en  Algérie,ambassade,"25, chemin Abdelkader Gadouche",b'ALGER',b'ALGERIE',+21321981717,https://dz.ambafrance.org/,36.751710919398,3.034576177597,DZ,,,True,,DZA,AFRIQUE
Consulat général de France à Annaba et Constantine,consulat,"1, rue Gouta Sebti",b'ANNABA',b'ALGERIE',+21338982600,https://annaba.consulfrance.org/,36.909548643412,7.7587992232789,DZ,,contact.annaba-fslt@diplomatie.gouv.fr,True,,DZA,AFRIQUE
Consulat général de France à Oran,consulat,"1, rue Aïmeur Brahim",b'ORAN',b'ALGERIE',+21341986000,https://oran.consulfrance.org/,35.704565289341,-0.64463138580322,DZ,,contact.oran-fslt@diplomatie.gouv.fr,True,,DZA,AFRIQUE
Consulat général de France à Alger,consulat,"25, chemin Abdelkader Gadouche",b'ALGER',b'ALGERIE',+21321981505,https://alger.consulfrance.org/,36.751710919398,3.034576177597,DZ,,contact.alger-fslt@diplomatie.gouv.fr,True,,DZA,AFRIQUE
Ambassade de France en  Allemagne,ambassade,Pariser Platz 5,b'BERLIN',b'ALLEMAGNE',+4930590039100,https://de.ambafrance.org/-Francais-,52.517298758622,13.379139796295,DE,+4930590039110,,True,,DEU,EUROPE
Consulat général de France à Düsseldorf,consulat,Martin Luther Platz 26,b'DUSSELDORF',b'ALLEMAGNE',+492118285460,https://de.ambafrance.org/-Dusseldorf-,51.225016247406,6.7822618650818,DE,,info@consulfrance-dusseldorf.org,True,,DEU,EUROPE
Consulat général de France à Francfort,consulat,Zeppelinallee 35,b'FRANCFORT',b'ALLEMAGNE',+49697950960,https://de.ambafrance.org/-Francfort-,50.123706475212,8.6525707876969,DE,,mel.francfort-de@diplomatie.gouv.fr,True,,DEU,EUROPE
Consulat général de France à Hambourg,consulat,Heimhuder Strasse 55,b'HAMBOURG',b'ALLEMAGNE',+4930590039000,https://de.ambafrance.org/-Hambourg-,53.56759,9.99226,DE,,info@consulfrance-hambourg.org,True,,DEU,EUROPE
Consulat général de France à Munich,consulat,Heimeranstrasse 31,b'MUNICH',b'ALLEMAGNE',+49894194110,https://de.ambafrance.org/-Munich-,48.13359,11.54384,DE,+498941941141,info@consulfrance-munich.org,True,,DEU,EUROPE
Consulat général de France à Sarrebruck,consulat,Am Ludwigsplatz 10,b'SARREBRUCK',b'ALLEMAGNE',+4968192799860,https://de.ambafrance.org/-Sarrebruck-,49.23225,6.9861,DE,+49681927998616,info@consulfrance-sarrebruck.org,True,,DEU,EUROPE
Consulat général de France à Stuttgart,consulat,Schloßstrasse 51,b'STUTTGART',b'ALLEMAGNE',+497112392553,https://de.ambafrance.org/-Stuttgart-,48.77457,9.173506,DE,+497112392554,info@consulfrance-stuttgart.org,True,,DEU,EUROPE
Section consulaire de l'Ambassade de France à Berlin,consulat,Pariser Platz 5,b'BERLIN',b'ALLEMAGNE',+4930590039000,https://de.ambafrance.org/-Berlin-,52.51724,13.37929,DE,+4930590039067,consulat.berlin-amba@diplomatie.gouv.fr,True,,DEU,EUROPE
Ambassade de France en  Andorre,ambassade,38 Carrer-les-Canals,b'ANDORRE-LA-VIEILLE',b'ANDORRE',+376736700,https://ad.ambafrance.org/,42.509102091785,1.5251737833023,AD,,admin-francais.andorre-amba@diplomatie.gouv.fr,True,,AND,EUROPE
Ambassade de France en  Angola,ambassade,"31/33 Rua Reverendo Pedro Neto, BP 584",b'LUANDA',b'ANGOLA',+244222334335,https://ao.ambafrance.org/,-8.8163130372707,13.236358165741,AO,,cad.luanda-amba@diplomatie.gouv.fr,True,,AGO,AFRIQUE
Ambassade de France en  Arabie saoudite,ambassade,"Diplomatic Quarter, PO Box 94367",RIYAD,b'ARABIE SAOUDITE',+966114344100,https://sa.ambafrance.org/,24.684612808608,46.628272533417,SA,+966114344179,admin-francais.riyad-amba@diplomatie.gouv.fr,True,,SAU,ASIE
Consulat général de France à Djeddah,consulat,"Quartier Al Hamra, rue Al Shouara",b'DJEDDAH',b'ARABIE SAOUDITE',+966126681550,https://djeddah.consulfrance.org/,21.530841363155,39.174941848163,SA,+966126108910,contact@consulfrance-djeddah.org,True,,SAU,ASIE
Section consulaire de l'Ambassade de France à Riyad,consulat,Quartier diplomatique,b'RIYAD',b'ARABIE SAOUDITE',+966114344100,https://sa.ambafrance.org/,24.684749286678,46.6282081604,SA,,admin-francais.riyad-amba@diplomatie.gouv.fr,True,,SAU,ASIE
Ambassade de France en  Argentine,ambassade,Cerrito 1399,b'BUENOS AIRES',b'ARGENTINE',+541145157030,https://ar.ambafrance.org/,-34.591830702981,-58.382549285889,AR,,,True,,ARG,AMERIQUE DU SUD
Consulat général de France à Buenos Aires,consulat,1253 Basavilbaso,b'BUENOS AIRES',b'ARGENTINE',+541145156900,https://ar.ambafrance.org/-Consulat-general-a-Buenos-Aires-,-34.593544125072,-58.377281427383,AR,,info@consulfrance-buenos-aires.org,True,,ARG,AMERIQUE DU SUD
Ambassade de France en  Arménie,ambassade,8 rue Grigor Loussavoritch,b'EREVAN',b'ARMENIE',+37460651950,https://am.ambafrance.org/,40.174077785656,44.506623744965,AM,,cad.erevan-amba@diplomatie.gouv.fr,True,,ARM,ASIE
Ambassade de France en  Australie,ambassade,"6 Perth avenue, Yarralumla",b'CANBERRA',b'AUSTRALIE',+61262160100,https://au.ambafrance.org/,-35.304603,149.117607,AU,+61262160132,information.canberra-amba@diplomatie.gouv.fr ,True,,AUS,OCEANIE
Consulat général de France à Sydney,consulat,Level 26 - St Martins Tower  31 Market street,b'SYDNEY',b'AUSTRALIE',+61292682400,https://au.ambafrance.org/-Consulat-general-a-Sydney-,-33.871068070753,151.2059417367,AU,,inscription.sydney@diplomatie.gouv.fr,True,,AUS,OCEANIE
Ambassade de France en  Autriche,ambassade,Technikerstrasse 2,b'VIENNE',b'AUTRICHE',+431502750,https://at.ambafrance.org/,48.1987109,16.3744926,AT,,contact@ambafrance-at.org,True,,AUT,EUROPE
Section consulaire de l'Ambassade de France à Vienne,consulat,Wipplingerstrasse 24 / 26A,b'VIENNE',b'AUTRICHE',+431502750,https://at.ambafrance.org/-Consulat-,48.1987109,16.3744926,AT,,contact@ambafrance-at.org,True,,AUT,EUROPE
Ambassade de France en  Azerbaïdjan ,ambassade,7 rue Rassul Rza,b'BAKOU',b'AZERBAIDJAN',+994124908100,https://az.ambafrance.org,40.370465497641,49.840314388275,AZ,+994124908128,presse.bakou-amba@diplomatie.gouv.fr,True,,AZE,ASIE
Ambassade de France au  Royaume de Bahreïn,ambassade,"Diplomatic Area 319 - Villa 51 A - Road 1901 - Manama Town 319, PO Box 11134",b'MANAMA',b'BAHREIN',+97317298660,https://bh.ambafrance.org/,26.238752332895,50.595280623279,BH,,,True,,BHR,ASIE
Section consulaire de l'Ambassade de France à Manama,consulat,Diplomatic Area 319 - Villa 51 A - Road 1901 Adresse postale : PO Bo 11134  Manama,b'MANAMA',b'BAHREIN',+97317298660,https://bh.ambafrance.org/,26.238761956227,50.595302080951,BH,,consulat.manama-amba@diplomatie.gouv.fr,True,,BHR,ASIE
Ambassade de France au  Bangladesh,ambassade,Madani Avenue - Baridhara Diplomatic Enclave,b'DACCA 1212',b'BANGLADESH',+880255668600,https://bd.ambafrance.org/,23.798766,90.422029,BD,,webmestre.dacca-amba@diplomatie.gouv.fr,True,,BGD,ASIE
Section consulaire de l'Ambassade de France à Dacca,consulat,Madani Avenue - Baridhara Diplomatic Enclave,b'DACCA 1212',b'BANGLADESH',+880255668600,https://bd.ambafrance.org/-Services-consulaires-,23.798766,90.422029,BD,,admin-francais.dacca-amba@diplomatie.gouv.fr,True,,BGD,ASIE
Ambassade de France en  Belgique,ambassade,"65, rue Ducale",b'BRUXELLES',b'BELGIQUE',+3225488711,https://be.ambafrance.org/,50.846806613816,4.3680888473602,BE,,ambafr@ambafrance-be.org,True,,BEL,EUROPE
Consulat général de France à Bruxelles,consulat,"42, boulevard du Régent<br />BP 82",b'BRUXELLES',b'BELGIQUE',+3225488811,https://bruxelles.consulfrance.org/,50.846644901892,4.368417263031,BE,,consulat@consulfrance-bruxelles.org,True,,BEL,EUROPE
Ambassade de France au Bénin,ambassade,Avenue Jean-Paul II,b'COTONOU',b'BENIN',+22921365533,https://bj.ambafrance.org,6.3527329814065,2.4136072951843,BJ,+22921365530,contact@ambafrance-bj.org,True,,BEN,AFRIQUE
Section consulaire de l'Ambassade de France à Cotonou,consulat,rue 651A,b'COTONOU',b'BENIN',+22921365522,https://bj.ambafrance.org/-Presentation-de-la-section-consulaire-,6.3519378134933,2.4333000183105,BJ,+22921365520,consulat.cotonou-fslt@diplomatie.gouv.fr,True,,BEN,AFRIQUE
Ambassade de France en  Biélorussie,ambassade,"11, place de la Liberté",b'MINSK',b'BIELORUSSIE',+375172291800,https://by.ambafrance.org/,53.903513292246,27.554649710655,BY,+375172291801,info.minsk-amba@diplomatie.gouv.fr ,True,,BLR,EUROPE
Ambassade de France en  Birmanie,ambassade,102 Pyidaungsu Yeithka Road - BP 858,b'RANGOUN',b'BIRMANIE',+951212520,https://mm.ambafrance.org/,16.790223371292,96.142480186508,MM,+951212527,ambafrance.rangoun@diplomatie.gouv.fr,True,,MMR,ASIE
Ambassade de France en  Bolivie,ambassade,"Avenida Hernando Siles n° 5390 - Esquina calle 8, Obrajes",b'LA PAZ',b'BOLIVIE',+59122149900,https://bo.ambafrance.org/,-16.526352281543,-68.108597271164,BO,,information@ambafrance-bo.org,True,,BOL,AMERIQUE DU SUD
Ambassade de France en  Bosnie-Herzégovine,ambassade,Mehmed-bega Kapetanovica Ljubusaka 18,b'SARAJEVO',b'BOSNIE-HERZEGOVINE',+38733282050,https://ba.ambafrance.org,43.8607028,18.415719444444,BA,+38733282052,,True,,BIH,EUROPE
Section consulaire de l'Ambassade de France à Sarajevo,consulat,"16, Ulica Mehmed Bega Kapetanovica Ljubusaka",b'SARAJEVO',b'BOSNIE-HERZEGOVINE',+38733282050,https://ba.ambafrance.org/,43.860896047914,18.415457010269,BA,,admin-francais.sarajevo-amba@diplomatie.gouv.fr ,True,,BIH,EUROPE
Ambassade de France au Botswana,ambassade,"761, Robinson Road, PO Box 1424",b'GABORONE',b'BOTSWANA',+2673973863,https://bw.ambafrance.org/,-24.659741222766,25.917454288361,BW,,cad.gaborone-amba@diplomatie.gouv.fr,True,,BWA,AFRIQUE
Ambassade de France au Brésil,ambassade,SES - Avenida das Naçoès - Lote 04 - Quadra 801,b'BRASILIA - DF',b'BRESIL',+556132223999,https://br.ambafrance.org,-15.805592,-47.873939,BR,,france@ambafrance-br.org,True,,BRA,AMERIQUE DU SUD
Consulat général de France à Recife,consulat,"Edifício BV Corporate – 10° Andar Rua Professor Aloísio Pessoa de Araújo, 75 Boa Viagem",b'RECIFE',b'BRESIL',+558131173290,https://recife.consulfrance.org/,-8.109112,-34.890488,BR,,,True,,BRA,AMERIQUE DU SUD
Consulat général de France à Rio de Janeiro,consulat,Avenida Presidente Antonio Carlos 58,b'RIO DE JANEIRO',b'BRESIL',+552139746699,https://riodejaneiro.consulfrance.org/,-22.910221950189,-43.171642340475,BR,,,True,,BRA,AMERIQUE DU SUD
Consulat général de France à São Paulo,consulat,Avenida Paulista 1842 - Torre Norte - 14 andar,b'SAO PAULO',b'BRESIL',+551133715400,https://saopaulo.consulfrance.org/,-23.559581374551,-46.657609084656,BR,,contact.sao-paulo-fslt@diplomatie.gouv.fr,True,,BRA,AMERIQUE DU SUD
Section consulaire de l'Ambassade de France à Brasilia,consulat,Avenida das Naçoès - Lote 04 - Quadra 801,b'BRASILIA',b'BRESIL',+556132223999,http://brasilia.ambafrance-br.org/,-15.805592,-47.873939,BR,,consulat.brasilia-amba@diplomatie.gouv.fr,True,,BRA,AMERIQUE DU SUD
Ambassade de France à Brunei ,ambassade,"Yayasan Sultan Haj Hassanal Bolkiah Complex Unit 2.01, Block A, Jalan Pretty",BANDAR SERI BEGAWAN,b'BRUNEI',+6732220960,https://bn.ambafrance.org/,4.9095046632268,114.9654006958,BN,,courrier@ambafrance-bn.org,True,,BRN,ASIE
Ambassade de France en Bulgarie,ambassade,"27-29, rue Oborichté",b'SOFIA',b'BULGARIE',+35929651100,https://bg.ambafrance.org/,42.694930398983,23.340979011114,BG,+35929651120,presse@ambafrance-bg.org,True,,BGR,EUROPE
Section consulaire de l'ambassade de France en Bulgarie,consulat,"27-29, rue Oborichté",b'SOFIA',b'BULGARIE',+35929651100,https://bg.ambafrance.org/,42.694930398983,23.340979011114,BG,+35929651171,consulat.sofia-amba@diplomatie.gouv.fr,True,,BGR,EUROPE
Ambassade de France au Burkina Faso,ambassade,"Avenue du Trésor, BP 504",b'OUAGADOUGOU',b'BURKINA FASO',+22625496666,https://bf.ambafrance.org/,12.371967,-1.510924,BF,,ambassade@ambafrance-bf.org,True,,BFA,AFRIQUE
Consulat général de France à Ouagadougou,consulat,Avenue du Trésor BP 109,b'1 OUAGADOUGOU',b'BURKINA FASO',+22625496610,https://bf.ambafrance.org/,12.3717574062,-1.5107952539672,BF,,cad.ouagadougou-fslt@diplomatie.gouv.fr,True,,BFA,AFRIQUE
Ambassade de France au Burundi,ambassade,"60, boulevard de l'Uprona, BP 1740",b'BUJUMBURA',b'BURUNDI',+25722203000,https://bi.ambafrance.org/,-3.3810418938604,29.36995267868,BI,,cad.bujumbura-amba@diplomatie.gouv.fr,True,,BDI,AFRIQUE
Ambassade de France au Cambodge,ambassade,"1, boulevard Monivong, BP 18",b'PHNOM PENH',b'CAMBODGE',+85523260010,https://kh.ambafrance.org/,11.583486339404,104.91606473923,KH,+85523260020,ambafrance.phnom-penh-amba@diplomatie.gouv.fr,True,,KHM,ASIE
Section consulaire de l'Ambassade de France à Phnom Penh,consulat,"1, boulevard Monivong BP 18",b'PHNOM PENH',b'CAMBODGE',,https://kh.ambafrance.org/,11.5834863394,104.91533517838,KH,,consulat.phnom-penh-amba@diplomatie.gouv.fr,True,,KHM,ASIE
Ambassade de France au Cameroun,ambassade,Plateau Atémengué,b'YAOUNDE',b'CAMEROUN',+237222227900,https://cm.ambafrance.org/,3.850181,11.512263,CM,,chancellerie.yaounde-amba@diplomatie.gouv.fr,True,,CMR,AFRIQUE
Consulat général de France à Douala,consulat,Rue des Cocotiers,b'DOUALA',b'CAMEROUN',+237233501700,http://www.consulfrance-douala.org/,4.0359817525936,9.6828576922417,CM,,francais.douala-fslt@diplomatie.gouv.fr,True,,CMR,AFRIQUE
Section consulaire de l'Ambassade de France à Yaoundé,consulat,Plateau Atémengué,b'YAOUNDE',b'CAMEROUN',+237222227950,http://www.consulfrance-yaounde.org/,3.850181,11.512263,CM,,,True,,CMR,AFRIQUE
Ambassade de France au Canada,ambassade,"42, Promenade Sussex",b'OTTAWA',b'CANADA (QUEBEC COMPRIS)',+16137891795,https://ca.ambafrance.org/,45.443325286805,-75.694735897098,CA,+16135623735,politique@ambafrance-ca.org,True,,CAN,AMERIQUE DU NORD
Consulat général de France à Montréal,consulat,1501 Mc Gill Collège - 10e étage - bureau 1000,b'MONTREAL',b'CANADA (QUEBEC COMPRIS)',+15148784385,https://montreal.consulfrance.org/,45.502369,-73.57138,CA,,info@consulfrance-montreal.org,True,,CAN,AMERIQUE DU NORD
Consulat général de France à Québec,consulat,500 Grande Allée Est - 11ème étage,b'QUEBEC',b'CANADA (QUEBEC COMPRIS)',+14182662500,https://quebec.consulfrance.org/,46.805475,-71.219607,CA,,info@consulfrance-quebec.org,True,,CAN,AMERIQUE DU NORD
Consulat général de France à Toronto,consulat,2 Bloor Street East - Suite 2200,b'TORONTO',b'CANADA (QUEBEC COMPRIS)',+14168471900,https://toronto.consulfrance.org/,43.670619230044,-79.386276138554,CA,+14168471901,info@consulfrance-toronto.org,True,,CAN,AMERIQUE DU NORD
Consulat général de France à Vancouver,consulat,1130 West Pender Street - Suite 1100 Vancouver,b'VANCOUVER',b'CANADA (QUEBEC COMPRIS)',+16046375300,https://vancouver.consulfrance.org/,49.287903028704,-123.12130706746,CA,,contact@consulfrance-vancouver.org,True,,CAN,AMERIQUE DU NORD
Consulat général de France à Moncton,consulat,"777, rue Main - Suite 800",b'MONCTON',b'CANADA (QUEBEC COMPRIS)',+15068574191,https://moncton.consulfrance.org/,46.08834540847,-64.77801589259,CA,,,True,,CAN,AMERIQUE DU NORD
Ambassade de France au Cap-Vert,ambassade,"rua Tenente Valadim 28 - Plateau - Ile de Santiago, CP 192",PRAIA,b'CAP-VERT',+2382604535,https://cv.ambafrance.org/,14.9179,-23.507474,CV,,cad.praia-amba@diplomatie.gouv.fr,True,,CPV,AFRIQUE
Ambassade de France au Chili,ambassade,Avenida Condell 65 - Providencia,b'SANTIAGO',b'CHILI',+56224708000,https://cl.ambafrance.org/,-33.435925610761,-70.628689212303,CL,,,True,,CHL,AMERIQUE DU SUD
Ambassade de France en  Chine,ambassade,"Faguo Zhuhua Dashiguan, 60, Tianze Lu",PEKIN,b'CHINE',+861085312000,https://cn.ambafrance.org/,39.951625,116.468384,CN,,presse@ambafrance-cn.org,True,,CHN,ASIE
Consulat général de France à Shanghai,consulat,Soho Zhongshan Plaza - Bâtiment A - 18ème étage1055 Zhongshan Xi Lu,b'SHANGHAI',b'CHINE',+862160106300,http://www.consulfrance-shanghai.org,31.230922,121.4788,CN,,info.shanghai-fslt@diplomatie.gouv.fr,True,,CHN,ASIE
Consulat général de France à Shenyang,consulat,34 Nan Shi Shan Wei Lu - Heping district,b'SHENYANG',b'CHINE',+862423190000,http://www.consulfrance-shenyang.org/,41.784577075671,123.42474460602,CN,,,True,,CHN,ASIE
Consulat général de France à Hong Kong,consulat,Admiralty Centre - Tower II - 25/F and 26/F - 18 Harcourt Road - Central,b'HONG KONG',b'CHINE',+85237529900,https://hongkong.consulfrance.org/,22.279323,114.165458,CN,,,True,,CHN,ASIE
Consulat général de France à Wuhan,consulat,"New World International Trade Center - (Xinshijie Guomao) 17011708 568, Jianshe dadao, Jianghan District, Hankou",b'WUHAN',b'CHINE',+862765797900,http://www.consulfrance-wuhan.org/,30.595079,114.269902,CN,,info@consulfrance-wuhan.org,True,,CHN,ASIE
Section consulaire de l'Ambassade de France à Pékin,consulat,"60 Tianze Lu, Chaoyang District",b'BEIJING',b'CHINE',+861085312000,http://www.consulfrance-pekin.org/,39.951625,116.468384,CN,,,True,,CHN,ASIE
Consulat général de France à Chengdu - Province du Sichuan,consulat,Times Plaza - 30e étage - 2 Zongfu Lu Sichuan,b'CHENGDU',b'CHINE',+862866666060,http://www.consulfrance-chengdu.org/,30.656382,104.080437,CN,+862866666103,admin-francais.chengdu-fslt@diplomatie.gouv.fr,True,,CHN,ASIE
Consulat général de France à Canton,consulat,"Central Tower (Kaihua International Center), 19th floor, Room 1901-1907,  No.5, Xiancun Road, Tianhe District",b'CANTON',b'CHINE',+86,https://cn.ambafrance.org/-Consulat-Canton-,23.117887,113.327822,CN,+86,,True,,CHN,ASIE
Ambassade de France à Chypre,ambassade,"14-16, Saktouri Street - 2e étage - Agioi Omologitai",b'NICOSIE',b'CHYPRE',+35722585300,https://cy.ambafrance.org/,35.158966,33.352842,CY,,ambafrance@cytanet.com.cy,True,,CYP,EUROPE
Ambassade de France en  Colombie,ambassade,"Carrera 11, n° 93-12",b'BOGOTA',b'COLOMBIE',+5716381400,https://co.ambafrance.org/,4.67429,-74.047354,CO,,,True,,COL,AMERIQUE DU SUD
Section consulaire de l'Ambassade de France à Bogota,consulat,"Carrera 11, n° 93-12 Apartado Aereo",b'BOGOTA',b'COLOMBIE',+5716381400,https://co.ambafrance.org/,4.67429,-74.047354,CO,+5716381455,cslt.bogota-amba@diplomatie.gouv.fr,True,,COL,AMERIQUE DU SUD
Ambassade de France aux Comores,ambassade,"Boulevard de Strasbourg, BP 465",b'MORONI',b'COMORES',+2697730615,https://km.ambafrance.org/,-11.710106949199,43.246779441834,KM,,,True,,COM,AFRIQUE
Ambassade de France au Congo,ambassade,Rue Alfassa,b'BRAZZAVILLE',b'CONGO',+242065118800,https://cg.ambafrance.org,-4.2750309873724,15.282261371613,CG,,,True,,COG,AFRIQUE
Consulat général de France à Pointe-Noire,consulat,4 allée de Makimba,b'POINTE-NOIRE',b'CONGO',+242066210303,https://pointe-noire.consulfrance.org,-4.800811,11.84331,CG,,cad.pointe-noire-consulat@diplomatie.gouv.fr,True,,COG,AFRIQUE
Bureau français de coopération en Corée du Nord,bureau,MUNSU-DONG,PYONGYANG,CORÉE DU NORD,+850023817777,,39.031859,125.753765,KP,,,True,,PRK,ASIE
Ambassade de France en  Corée du Sud,ambassade,"43-12, Seosomun-ro, Seodaemun-gu",b'SEOUL',b'COREE DU SUD',+82231494300,https://kr.ambafrance.org/,37.561205734063,126.96560789948,KR,,info.seoul-amba@diplomatie.gouv.fr,True,,KOR,ASIE
Ambassade de France au Costa Rica,ambassade,De la Mitsubishi - 200m sur y 25m oeste Curridabat,b'SAN JOSE',b'COSTA RICA',+50622344201,https://cr.ambafrance.org/,9.923164,-84.04004,CR,,,True,,CRI,AMERIQUE DU NORD
Ambassade de France en  Côte d'Ivoire,ambassade,"17, rue Lecoeur 17 BP 175",b'ABIDJAN',"b""COTE D'IVOIRE""",+22520207400,https://ci.ambafrance.org/,5.3264044050204,-4.0174287557602,CI,,cad.abidjan-fslt@diplomatie.gouv.fr,True,,CIV,AFRIQUE
Consulat général de France à Abidjan,consulat,"17, rue Lecoeur 17 BP 175",b'ABIDJAN',"b""COTE D'IVOIRE""",+22520207500,https://ci.ambafrance.org/-Le-Consulat-General-,5.3253842245448,-4.0166831016541,CI,,cad.abidjan-fslt@diplomatie.gouv.fr,True,,CIV,AFRIQUE
Ambassade de France en  Croatie,ambassade,Hebrangova 2,b'ZAGREB',b'CROATIE',+38514893600,https://hr.ambafrance.org,45.809428655579,15.977481546835,HR,+38514893660,,True,,HRV,EUROPE
Ambassade de France à Cuba,ambassade,Calle 14 - n° 312 - entre 3a y 5a Miramar Playa,b'LA HAVANE',b'CUBA',+5372013131,https://cu.ambafrance.org/,23.124628468291,-82.419931393848,CU,,,True,,CUB,AMERIQUE DU NORD
Section consulaire de l'Ambassade de France à La Havane,consulat,Calle 14 - n° 312 - entre 3ra y 5ta - Miramar Playa,b'LA HAVANE',b'CUBA',+5372013121,https://cu.ambafrance.org/-Les-services-consulaires-,23.124613491616,-82.420034408569,CU,,,True,,CUB,AMERIQUE DU NORD
Ambassade de France au Danemark,ambassade,Kongens Nytorv 4,b'COPENHAGUE',b'DANEMARK',+4533670100,https://dk.ambafrance.org/,55.681068391284,12.587177542328,DK,,presse@ambafrance-dk.org,True,,DNK,EUROPE
Section consulaire de l'Ambassade de France à Copenhague,consulat,Ny Østergade 3,b'COPENHAGUE',b'DANEMARK',+4533670100,https://dk.ambafrance.org/-Services-aux-citoyens-,55.680461309814,12.583115923279,DK,,info-consulat.copenhague-amba@diplomatie.gouv.fr,True,,DNK,EUROPE
Ambassade de France à Djibouti,ambassade,"45, boulevard du Maréchal Foch BP 2039",b'DJIBOUTI',b'DJIBOUTI',+25321350963,https://dj.ambafrance.org/,11.607725,43.151249,DJ,,,True,,DJI,AFRIQUE
Section consulaire de l'Ambassade de France à Djibouti,consulat,Boulevard du Maréchal Lyautey,b'DJIBOUTI',b'DJIBOUTI',+25321352503,https://dj.ambafrance.org/,11.825138,42.590275,DJ,,cad.djibouti-fslt@diplomatie.gouv.fr,True,,DJI,AFRIQUE
Ambassade de France en Égypte,ambassade,29 avenue Charles de Gaulle BP 1777 Guizeh,b'LE CAIRE',b'EGYPTE',+20235673200,https://eg.ambafrance.org/,30.023457,31.21668,EG,,questions@ambafrance-eg.org,True,,EGY,AFRIQUE
Consulat général de France au Caire,consulat,"7 rue Abi Shammar, Guizeh",b'LE CAIRE',b'EGYPTE',+20235673350,https://eg.ambafrance.org/-Le-Consulat-General-de-France-au-,30.023145809717,31.216647813492,EG,,admin-francais.le-caire-fslt@diplomatie.gouv.fr,True,,EGY,AFRIQUE
Consulat général de France à Alexandrie,consulat,2 place Ahmed Orabi,b'MANCHEYA - ALEXANDRIE',b'EGYPTE',+2034847950,https://eg.ambafrance.org/-Le-Consulat-General-de-France-a-,31.19981410386,29.894523024559,EG,,consulat.Alexandrie-fslt@diplomatie.gouv.fr,True,,EGY,AFRIQUE
Ambassade de France aux Émirats arabes unis,ambassade,Etihad Towers - Office Tower (Tower n°3) - 22nd Floor - PO Box 4014,b'ABOU DABI',b'EMIRATS ARABES UNIS',+97128131000,https://ae.ambafrance.org/,24.45904,54.321673,AE,,,True,,ARE,ASIE
Consulat général de France à Dubaï,consulat,Habtoor Business Tower - 32ème étage - Dubai Marina - Jumeirah beach road,b'DUBAI',b'EMIRATS ARABES UNIS',+971444084900,https://dubai.consulfrance.org,25.086143,55.14179,AE,,consulat.dubai-fslt@diplomatie.gouv.fr,True,,ARE,ASIE
Ambassade de France en Équateur,ambassade,Calle General Leonidas Plaza 107 y Patria,b'QUITO',b'EQUATEUR',+59322943800,https://ec.ambafrance.org/,-0.20901633688759,-78.49471894841,EC,,cancilleria.quito-amba@diplomatie.gouv.fr,True,,ECU,AMERIQUE DU SUD
Section consulaire de l'Ambassade de France à Quito,consulat,Calle General Leonidas Plaza 107 y Patria,b'QUITO',b'EQUATEUR',+59322943840,https://ec.ambafrance.org/-Le-Consulat-,-0.20889260262941,-78.494571406468,EC,,consulat.quito-amba@diplomatie.gouv.fr,True,,ECU,AMERIQUE DU SUD
Ambassade de France en Érythrée,ambassade,"Warsay street, Saba Building, 8ème étage",b'ASMARA',b'ERYTHREE',+291,https://er.ambafrance.org/,15.338132,38.93596,ER,,cad.asmara@diplomatie.gouv.fr,True,,ERI,AFRIQUE
Ambassade de France en  Espagne,ambassade,Calle Salustiano Olozaga 9,b'MADRID',b'ESPAGNE',+34914238900,https://es.ambafrance.org/,40.420631102027,-3.6899900436401,ES,,,True,,ESP,EUROPE
Consulat général de France à Barcelone,consulat,Ronda Universitat 22 bis - 4°,b'BARCELONE',b'ESPAGNE',+34932703000,https://barcelone.consulfrance.org/,41.387317245748,2.1681142760574,ES,,info@consulfrance-barcelone.org,True,,ESP,EUROPE
Consulat général de France à Bilbao,consulat,Calle Iparraguirre 26 - 5° Dch,b'BILBAO',b'ESPAGNE',+34944255180,https://es.ambafrance.org/-Consulat-general-a-Bilbao-,43.263895362399,-2.9362592662704,ES,,ecrire@consulfrance-bilbao.org,True,,ESP,EUROPE
Consulat général de France à Madrid,consulat,Calle Marques de la Ensenada 10,b'MADRID',b'ESPAGNE',+34917007800,https://es.ambafrance.org/-Consulat-general-a-Madrid-,40.424509565354,-3.6923542944428,ES,,ecrire@consulfrance-madrid.org,True,,ESP,EUROPE
Ambassade de France en Estonie,ambassade,Toom Kuninga 20,b'TALLINN',b'ESTONIE',+3726161600,https://ee.ambafrance.org/,59.428287135529,24.735800921917,EE,,info@ambafrance-ee.org,True,,EST,EUROPE
Section consulaire de l'Ambassade de France à Tallinn,consulat,Toom Kuninga 20,b'TALLINN',b'ESTONIE',+3726161618,https://ee.ambafrance.org/,59.428310327185,24.735782146454,EE,,info@ambafrance-ee.org,True,,EST,EUROPE
Ambassade de France aux États-Unis,ambassade,"4101 Reservoir Road, N.W.",b'WASHINGTON D.C.',b'ETATS-UNIS',+12029446000,https://fr.franceintheus.org/,38.912629,-77.078367,US,,info@ambafrance-us.org,True,,USA,AMERIQUE DU NORD
Consulat général de France à Atlanta,consulat,"The Lenox Building Suite 500, 3399 Peachtree Road",b'ATLANTA',b'ETATS-UNIS',+14044951660,https://atlanta.consulfrance.org/,33.846128468463,-84.359893798828,US,,info.atlanta-fslt@diplomatie.gouv.fr,True,,USA,AMERIQUE DU NORD
Consulat général de France à Boston,consulat,31 Saint James Avenue Park Square Building  Suite 750,b'BOSTON',b'ETATS-UNIS',+16178324400,https://boston.consulfrance.org/,42.350711,-71.071619,US,,consulat@consulfrance-boston.org,True,,USA,AMERIQUE DU NORD
Consulat général de France à Chicago,consulat,205 North Michigan Avenue Michigan Plaza  Suite 3700,b'CHICAGO',b'ETATS-UNIS',+13123275200,https://chicago.consulfrance.org/,41.885846831733,-87.624201178551,US,,contact@consulfrance-chicago.org,True,,USA,AMERIQUE DU NORD
Consulat général de France à Houston,consulat,"777 Post Oak Bd, Suite 600",b'HOUSTON',b'ETATS-UNIS',+17135722799,https://houston.consulfrance.org/,29.753166,-95.457283,US,,info@consulfrance-houston.org,True,,USA,AMERIQUE DU NORD
Consulat général de France à New Orleans,consulat,"909 Poydas Street, Suite 1450","b'NEW ORLEANS, LA 70112'",b'ETATS-UNIS',+15045692870,https://nouvelleorleans.consulfrance.org/,29.950898,-90.077336,US,,info@consulfrance-nouvelleorleans.org,True,,USA,AMERIQUE DU NORD
Consulat général de France à Los Angeles,consulat,"10390 Santa Monica Bd, Suite 410",b'LOS ANGELES',b'ETATS-UNIS',+13102353200,https://losangeles.consulfrance.org/,34.057419,-118.423471,US,,,True,,USA,AMERIQUE DU NORD
Consulat général de France à Miami,consulat,"Brickell Arch, Suite 1050, 1395 Brickell Avenue",b'MIAMI',b'ETATS-UNIS',+13054034150,https://miami.consulfrance.org/,25.760763915176,-80.191826820374,US,,francais.miami-fslt@diplomatie.gouv.fr,True,,USA,AMERIQUE DU NORD
Consulat général de France à New York,consulat,934 Fifth avenue,b'NEW YORK',b'ETATS-UNIS',+12126063600,https://newyork.consulfrance.org/,40.773999,-73.965474,US,,chancellerie@consulfrance-newyork.org,True,,USA,AMERIQUE DU NORD
Consulat général de France à San Francisco,consulat,"88 Kearny Street, Suite 600",b'SAN FRANCISCO',b'ETATS-UNIS',+14156164906,https://sanfrancisco.consulfrance.org/,37.788528640063,-122.40333527327,US,,admin-francais.san-francisco-fslt@diplomatie.gouv.fr,True,,USA,AMERIQUE DU NORD
Consulat général de France à Washington,consulat,"4101 Reservoir Road, N.W.",b'WASHINGTON',b'ETATS-UNIS',+12029446195,https://washington.consulfrance.org/,38.912629,-77.078367,US,+12029446148,info.washington-fslt@diplomatie.gouv.fr,True,,USA,AMERIQUE DU NORD
Ambassade de France en  Éthiopie,ambassade,Quartier Kabana PO Box 1464,b'ADDIS ABEBA',b'ETHIOPIE',+251111400000,https://et.ambafrance.org,9.0540615071635,38.770853877068,ET,,contact@ambafrance-et.org,True,,ETH,AFRIQUE
Ambassade de France en Finlande,ambassade,Itäinen Puistotie 13,b'HELSINKI',b'FINLANDE',+3589618780,https://fi.ambafrance.org,60.1568092,24.9604747,FI,,ambassade.france@welho.com,True,,FIN,EUROPE
Section consulaire de l'Ambassade de France à Helsinki,consulat,Itäinen Puistotie 13,b'HELSINKI',b'FINLANDE',+358961878339,https://fi.ambafrance.org,60.1568092,24.9604747,FI,,consulat.helsinki-amba@diplomatie.gouv.fr,True,,FIN,EUROPE
Ambassade de France au Gabon,ambassade,"1, rue du Pont-Pirah BP 2125",b'LIBREVILLE',b'GABON',,https://ga.ambafrance.org/,0.38324189511388,9.446804523468,GA,,amba.libreville-amba@diplomatie.gouv.fr,True,,GAB,AFRIQUE
Consulat général de France à Libreville,consulat,Rue Ange Mba BP 2161,b'LIBREVILLE',b'GABON',,https://ga.ambafrance.org/,0.38905142789697,9.4451388716698,GA,,consulat.libreville-cslt@diplomatie.gouv.fr,True,,GAB,AFRIQUE
Ambassade de France en Gambie,ambassade,"1, rue El Hadji Amadou Assane Ndoye BP 4035 Dakar (Sénégal)",b'DAKAR',b'SENEGAL',+221338395100,https://sn.ambafrance.org,14.687542,-17.448353,GM,+221338395181,cad.dakar-fslt@diplomatie.gouv.fr,True,,GMB,AFRIQUE
Antenne diplomatique de Banjul,consulat,"966, Atlantic Boulevard, Fajara",BANJUL,GAMBIE,+2204495649,,13.464189,-16.703226,GM,, contacts.banjul-antenne@diplomatie.gouv.fr,True,,GMB,AFRIQUE
Agence consulaire de Brufut,consulat,"Madiba Mall, Brufut",b'BRUFUT',GAMBIE,+2204410964,,13.393752,-16.756372,GM,,acfbanjul@gmail.com,True,,GMB,AFRIQUE
Ambassade de France en  Géorgie,ambassade,"49, rue Krtsanissi",b'TBILISSI',b'GEORGIE',+995322721490,https://ge.ambafrance.org,41.670527655779,44.811670387558,GE,+995322721355,contact.tbilissi-amba@diplomatie.gouv.fr,True,,GEO,ASIE
Ambassade de France au Ghana,ambassade,4th Circular Road Cantonments,b'ACCRA',b'GHANA',+233302214550,https://gh.ambafrance.org/,5.576713,-0.189162,GH,,info@ambafrance-gh.org,True,,GHA,AFRIQUE
Section consulaire de l'Ambassade de France à Accra,consulat,12th off Liberation Road,b'ACCRA',b'GHANA',+233302214566,https://gh.ambafrance.org/,5.576713,-0.189162,GH,+233302214559,consulat.accra-amba@diplomatie.gouv.fr,True,,GHA,AFRIQUE
Ambassade de France en Grèce,ambassade,"7, avenue Vassilissis Sofias",b'ATHENES',b'GRECE',+302103391000,https://gr.ambafrance.org/,37.976308,23.737972,GR,,info@ambafrance-gr.org,True,,GRC,EUROPE
Consulat général de France à Thessalonique,consulat,27 rue Evzonon,b'THESSALONIQUE',b'GRECE',+302310244030,https://gr.ambafrance.org/-Consulat-Thessalonique-,40.620947,22.956959,GR,+302310244032,contact.thessalonique-fslt@diplomatie.gouv.fr,True,,GRC,EUROPE
Section consulaire de l'Ambassade de France à Athènes,consulat,6 rue Akadimias,b'10671 ATHENES',b'GRECE',+302103391200,https://gr.ambafrance.org/-Athenes-,37.97054,23.740529,GR,,,True,,GRC,EUROPE
Ambassade de France au Guatémala,ambassade,5A Avenida 8-59 - Zona 14 - Edificio COGEFAR BP 971A,b'GUATEMALA',b'GUATEMALA',+50224217370,https://gt.ambafrance.org/,14.584653,-90.515544,GT,+50224217409,courrier@ambafrance-gt.org,True,,GTM,AMERIQUE DU NORD
Section consulaire de l'Ambassade de France à Guatemala ciudad,consulat,5A Avenida 8-59 - Zona 14 - Edificio COGEFAR BP 971A,b'GUATEMALA CIUDAD',b'GUATEMALA',+50224217370,https://gt.ambafrance.org/,14.584653,-90.515544,GT,,admin-francais.guatemala-amba@diplomatie.gouv.fr,True,,GTM,AMERIQUE DU NORD
Ambassade de France en Guinée,ambassade,Avenue du Commerce (Kaloum) BP 373 et 570,b'CONAKRY',b'GUINEE',+224621000010,https://gn.ambafrance.org,9.511741,-13.715267,GN,,ambafrance.conakry@diplomatie.gouv.fr,True,,GIN,AFRIQUE
Section consulaire de l'Ambassade de France à Conakry,consulat,Avenue du Commerce (Kaloum),b'CONAKRY',b'GUINEE',+224621000010,https://gn.ambafrance.org,9.511741,-13.715267,GN,,,True,,GIN,AFRIQUE
Ambassade de France en  Guinée équatoriale,ambassade,Carretera del Aeropuerto,b'MALABO',b'GUINEE EQUATORIALE',+240333092005,https://gq.ambafrance.org/  ,3.753237,8.771289,GQ,,cad.malabo-amba@diplomatie.gouv.fr,True,,GNQ,AFRIQUE
Section consulaire de l'Ambassade de France à Malabo,consulat,Carretera del Aeropuerto,b'MALABO',b'GUINEE EQUATORIALE',+240333092005,https://gq.ambafrance.org/-Services-aux-citoyens-,3.753237,8.771289,GQ,,admin-francais.malabo-amba@diplomatie.gouv.fr,True,,GNQ,AFRIQUE
Ambassade de France en  Guinée-Bissao,ambassade,Bairro de Penha - Avenida Combatente de Liberdade de Patria,b'BISSAO',b'GUINEE-BISSAO',+245955393280,https://gw.ambafrance.org/,11.863508,-15.625952,GW,,cad.bissao-amba@diplomatie.gouv.fr,True,,GNB,AFRIQUE
Ambassade de France en  Haïti,ambassade,"51, rue Capois BP 1312",b'PORT-AU-PRINCE',b'HAITI',+50929999000,https://ht.ambafrance.org/,18.539136,-72.334833,HT,,cad.port-au-prince-amba@diplomatie.gouv.fr,True,,HTI,AMERIQUE DU NORD
Ambassade de France au Honduras,ambassade,"Colonia Altos Lomas del Guijarro Sur 4ta. Avenida, 2da Calle, Bloque B, Lote 7, Fte. al BID - Apartado Postal 3441",b'TEGUCIGALPA',b'HONDURAS',+50422357275,https://hn.ambafrance.org,14.101718377707,-87.191339631369,HN,,info@ambafrance-hn.org,True,,HND,AMERIQUE DU NORD
Ambassade de France en  Hongrie,ambassade,Kossuth Lajos tér 13-15,b'1055 BUDAPEST',b'HONGRIE',+3613741100,https://hu.ambafrance.org/,47.514744,19.075704,HU,+3613741140,consulat.budapest-amba@diplomatie.gouv.fr,True,,HUN,EUROPE
Ambassade de France aux  Iles Fidji,ambassade,2nd Floor - Pacific House Private Mail Bag - Butt Street,b'SUVA',b'ILES FIDJI',+6793310526,https://fj.ambafrance.org/,-18.141386,178.423772,FJ,,contact@ambafrance-fj.org,True,TO,FJI,OCEANIE
Ambassade de France en Inde,ambassade,2/50-E Shantipath - Chanakyapuri,b'NEW DELHI',b'INDE',+911143196100,https://in.ambafrance.org/-Ambassade-de-France-a-New-Delhi-,28.595436,77.188546,IN,,,True,BT,IND,ASIE
Consulat général de France à Mumbai,consulat,"Wockhardt Towers, East Wing, 5e étage Bandra - Kurla Complex",b'MUMBAI',b'INDE',+912266694000,https://in.ambafrance.org/-Bombay-,19.061393,72.859788,IN,+912266694060,mail@consulfrance-bombay.org,True,,IND,ASIE
Consulat général de France à Calcutta,consulat,"21C, Raja Santosh Road, Alipore,",b'CALCUTTA',b'INDE',+913340163200,https://in.ambafrance.org/-Calcutta-,22.518395,88.331003,IN,,admin-francais.calcutta-fslt@diplomatie.gouv.fr,True,,IND,ASIE
Consulat général de France à Pondichéry,consulat,"2, rue de la Marine",b'PONDICHERY',b'INDE',+914132231000,https://in.ambafrance.org/-Pondichery-,11.936287,79.835932,IN,, consulat.pondichery-fslt@diplomatie.gouv.fr,True,,IND,ASIE
Consulat général de France à Bangalore,consulat,"21 Palace Road, Vasanthnagar",b'BANGALORE',b'INDE',+918022141200,https://in.ambafrance.org/-Bangalore-,12.992034,77.588775,IN,,admin-francais.bangalore-fslt@diplomatie.gouv.fr,True,,IND,ASIE
Ambassade de France en  Indonésie,ambassade,JL. M.H Thamrin 20,b'JAKARTA',b'INDONESIE',+622123557600,https://id.ambafrance.org/,-6.189094,106.823443,ID,,contact@ambafrance-id.org,True,,IDN,ASIE
Ambassade de France en  Irak,ambassade,Quartier Abu Nawas - Emplacement 102 - rue 55 - n°7,b'BAGDAD',b'IRAK',,https://iq.ambafrance.org,33.308747,44.420865,IQ,,cad.bagdad-amba@diplomatie.gouv.fr,True,,IRQ,ASIE
Consulat général de France à Erbil,consulat,33 Salahaddin Street,b'ERBIL',b'IRAK',+9647508161000,https://iq.ambafrance.org/-Consulat-General-de-France-a-Erbil-,36.192845,44.000544,IQ,,consulat.erbil-fslt@diplomatie.gouv.fr,True,,IRQ,ASIE
Ambassade de France en  Iran,ambassade,64 rue Neauphle-le-Château,b'TEHERAN',b'IRAN',+982164094000,https://ir.ambafrance.org/,35.697194,51.410793,IR,,contact@ambafrance-ir.org,True,,IRN,ASIE
Section consulaire de l'Ambassade de France à Téhéran,consulat,64 rue Neauphle-le-Château,b'TEHERAN',b'IRAN',+982164094000,https://ir.ambafrance.org/,35.697146078389,51.410798364418,IR,,,True,,IRN,ASIE
Ambassade de France en  Irlande,ambassade,66 Merrion Square,b'DUBLIN 2',b'IRLANDE',+35312775000,https://ie.ambafrance.org/,53.320348,-6.221277,IE,,admin-francais.dublin-amba@diplomatie.gouv.fr,True,,IRL,EUROPE
Ambassade de France en  Islande,ambassade,Tungata n° 22,b'REYKJAVIK',b'ISLANDE',+3545759600,https://is.ambafrance.org,64.14803,-21.946898,IS,,ambafrance@ambafrance-is.org,True,,ISL,EUROPE
Ambassade de France en Israël,ambassade,"112, promenade Herbert Samuel BP 3480",b'TEL-AVIV',b'ISRAEL/TERRITOIRES PALESTINIENS',+97235208300,https://il.ambafrance.org/,32.081229,34.767796,IL,,diplomatie@ambafrance-il.org,True,PS,ISR,ASIE
Consulat général de France à Haïfa,consulat,37 rue Hagefen,b'HAIFA',b'ISRAEL/TERRITOIRES PALESTINIENS',+97248138822,https://il.ambafrance.org/,32.818143,34.986755,IL,,cslhaifa@netvision.net.il,True,PS,ISR,ASIE
Consulat général de France à Tel-Aviv,consulat,Immeuble Migdalor - 1/3 Ben Yehouda BP 26126,b'TEL-AVIV',b'ISRAEL/TERRITOIRES PALESTINIENS',+97235208500,https://il.ambafrance.org/,32.073229185869,34.768391847611,IL,,contact.tel-aviv-jaffa-fslt@diplomatie.gouv.fr,True,PS,ISR,ASIE
Consulat général de France à Jérusalem,consulat,"5, rue Paul Émile Botta PO Box 182",b'JERUSALEM',b'ISRAEL/TERRITOIRES PALESTINIENS',+97226298500,https://jerusalem.consulfrance.org,31.77503,35.223605,IL,+97226298501,diplomat@france-jeru.org,True,PS,ISR,ASIE
Ambassade de France en Italie,ambassade,Piazza Farnese 67,b'ROME',b'ITALIE',+3906686011,https://it.ambafrance.org/,41.8950723,12.4708635,IT,,,True,SH,ITA,EUROPE
Consulat général de France à Naples,consulat,Via Crispi 86,b'NAPLES',b'ITALIE',+390815980711,https://it.ambafrance.org/-Consulat-de-Naples-,40.836152060237,14.229717536771,IT,,consulat.naples-cslt@diplomatie.gouv.fr,True,,ITA,EUROPE
Consulat général de France à Milan,consulat,Via Mangili,b'MILAN',b'ITALIE',+39026559141,https://it.ambafrance.org/-Consulat-de-Milan-,45.4762567,9.1946954,IT,,,True,,ITA,EUROPE
Section consulaire de l'Ambassade de France à Rome,consulat,Via Giulia 251,b'ROME',b'ITALIE',+390668601500,https://it.ambafrance.org/-Consulat-de-Rome-,41.8938621,12.4703981,IT,,,True,,ITA,EUROPE
Ambassade de France en  Jamaïque,ambassade,13 Hillcrest Avenue,b'KINGSTON',b'JAMAIQUE',+18766197812,https://jm.ambafrance.org,18.018446327197,-76.777846813202,JM,,,True,,JAM,AMERIQUE DU NORD
Ambassade de France au Japon,ambassade,4-11-44 Minami-Azabu  MinatoKu,b'TOKYO',b'JAPON',+81357986000,https://jp.ambafrance.org/,35.648223,139.72654,JP,,contact.tokyo-amba@diplomatie.gouv.fr,True,,JPN,ASIE
Consulat général de France à Kyoto,consulat,"8 Izumidono-cho, Yoshida - Sakyo-ku",b'KYOTO',b'JAPON',+81757612165,https://kyoto.consulfrance.org/,35.026245,135.778547,JP,,cgf.kyoto@ifjk.jp,True,,JPN,ASIE
Section consulaire de l'Ambassade de France à Tokyo,consulat,4-11-44 Minami-Azabu - Minato-ku,b'TOKYO',b'JAPON',+81357986000,https://jp.ambafrance.org/spip.php?article392,35.648223,139.72654,JP,,infoconsul.tokyo-amba@diplomatie.gouv.fr,True,,JPN,ASIE
Ambassade de France en  Jordanie,ambassade,"40, Al-Mutanabbi Street - Jabal Amman PO Box 5348",b'AMMAN',b'JORDANIE',+96264604630,https://jo.ambafrance.org/,31.953759833956,35.904102262566,JO,,amman-amba@diplomatie.gouv.fr,True,,JOR,ASIE
Ambassade de France au Kazakhstan ,ambassade,"62, rue Kosmonavtov - Immeuble Renco - 4e étage Micro district Tchoubary",b'NOUR-SOULTAN',b'KAZAKHSTAN',+77172795100,https://kz.ambafrance.org/,51.147247,71.424446,KZ,+77172795101,,True,,KAZ,ASIE
Consulat général de France à Almaty,consulat,"77 rue Kounaïev, « Park View »",b'ALMATY',b'KAZAKHSTAN',+77273969800,https://kz.ambafrance.org/,43.244225432763,76.947768457672,KZ,,info.almaty-cslt@diplomatie.gouv.fr ,True,,KAZ,ASIE
Section consulaire de l'Ambassade de France à Astana,consulat,"62, rue Kosmonavtov - Immeuble Renco - 4e étage Micro district Tchoubary",b'NOUR-SOULTAN',KAZAKHSTAN,+77172795100,,51.131969425178,71.423492431641,KZ,+77172795101,admin-francais.astana-amba@diplomatie.gouv.fr,True,,KAZ,ASIE
Ambassade de France au Kénya,ambassade,"Peponi Gardens, off Peponi Road  - PO Box 41784",b'NAIROBI',b'KENYA',+254207605555,https://ke.ambafrance.org/,-1.2511403338134,36.80419921875,KE,,ambafrance.nairobi@diplomatie.gouv.fr,True,,KEN,AFRIQUE
Ambassade de France au Kirghizstan,ambassade,"32, rue Orozbékova apt. 2",b'BICHKEK',b'KIRGHIZSTAN',+996312979714,https://kg.ambafrance.org/,42.867295276284,74.602966288361,KG,+996312979716,cad.bichkek-amba@diplomatie.gouv.fr,True,,KGZ,ASIE
Ambassade de France au Kosovo,ambassade,"76, rue Ismail Qemali Dragodan",b'PRISTINA',b'KOSOVO',+3833822458800,https://kosovo.ambafrance.org/,42.669215,21.154377,XK,+3833822458801,admin-etrangers.pristina-amba@diplomatie.gouv.fr,True,,XKX,EUROPE
Ambassade de France au Koweït,ambassade,"Al Hamra Tower, 40ème étage, Sharq bloc 8, rue Al Shuhada",b'KOWEIT',b'KOWEIT',+96522058900,http://www.kw.ambafrance.org,29.0,47.0,KW,,cad.koweit-amba@diplomatie.gouv.fr,True,,KWT,ASIE
Ambassade de France au Laos,ambassade,Rue Setthathirath BP 06,b'VIENTIANE',b'LAOS',+85621267400,https://la.ambafrance.org/,17.961506,102.613028,LA,,consulat.vientiane-amba@diplomatie.gouv.fr,True,,LAO,ASIE
Ambassade de France en  Lettonie,ambassade,9 Raina Bulvaris,b'RIGA',b'LETTONIE',+37167036600,https://lv.ambafrance.org/,56.952250410027,24.113193154335,LV,+37167036616,webmestre.ambafrance-lv@diplomatie.gouv.fr,True,,LVA,EUROPE
Ambassade de France au Liban,ambassade,Rue de Damas - Espace des Lettres - Ras El-Nabaa,b'BEYROUTH',b'LIBAN',+9611420000,https://lb.ambafrance.org,33.880338658002,35.512801408768,LB,,cad.beyrouth-amba@diplomatie.gouv.fr,True,,LBN,ASIE
Consulat général de France à Beyrouth,consulat,Espace des Lettres - Bâtiment A - Rue de Damas,b'BEYROUTH',b'LIBAN',+9611420000,https://lb.ambafrance.org/,33.880258493897,35.51257610321,LB,,,True,,LBN,ASIE
Ambassade de France au Libéria,ambassade,98 A UN Drive - Mamba Point,b'MONROVIA',b'LIBERIA',+231770599373,https://lr.ambafrance.org/-Francais-,6.2924509945501,-10.783472657204,LR,,,True,,LBR,AFRIQUE
Ambassade de France en Libye ,ambassade,Rue Beni El Ahmar - Quartier Hay Al-Andalus,b'TRIPOLI',b'LIBYE',,https://ly.ambafrance.org/,32.882308217593,13.192949295044,LY,,,False,,LBY,AFRIQUE
Ambassade de France en  Lituanie,ambassade,Svarco g. 1,b'VILNIUS',b'LITUANIE',+37052199600,https://lt.ambafrance.org/,54.680907263788,25.287322103977,LT,,ambafrance.vilnius@diplomatie.gouv.fr,True,,LTU,EUROPE
Ambassade de France au Luxembourg,ambassade,8b boulevard Joseph II - L-1840,b'LUXEMBOURG',b'LUXEMBOURG',+352457271,https://lu.ambafrance.org/,49.609050320653,6.1209315650817,LU,,ambassade@ambafrance-lu.org,True,,LUX,EUROPE
Section consulaire de l'Ambassade de France à Luxembourg,consulat,8b boulevard Joseph II,b'LUXEMBOURG',b'LUXEMBOURG',+352457372,https://lu.ambafrance.org/-Section-consulaire-,49.609088558186,6.1208940141555,LU,+352457372244,consulat.luxembourg-amba@diplomatie.gouv.fr,True,,LUX,EUROPE
Ambassade de France en République de Macédoine du Nord,ambassade,165 rue Aleksandrov Todor,b'SKOPJE',b'REPUBLIQUE DE MACEDOINE DU NORD',+38923244300,https://mk.ambafrance.org,41.979534630573,21.425311551482,MK,,franamba@t-home.mk,True,,MKD,EUROPE
Section consulaire de l'Ambassade de France à Skopje,consulat,165 rue Aleksandrov Todor,b'SKOPJE',b'ANCIENNE REPUBLIQUE YOUGOSLAVE DE MACEDOINE (ARYM)',+38923244300,https://mk.ambafrance.org/La-section-consulaire,41.979534630573,21.425311551482,MK,,franamba@mt.net.mk,True,,MKD,EUROPE
Ambassade de France à Madagascar,ambassade,"3, rue Jean-Jaurès - Ambatomena BP 204",b'ANTANANARIVO',b'MADAGASCAR',+261202239898,https://mg.ambafrance.org/,-18.907377618787,47.522730231285,MG,+261202239927,cad.tananarive-amba@diplomatie.gouv.fr,True,,MDG,AFRIQUE
Consulat général de France à Antananarivo,consulat,"3, rue Jean-Jaurès - Ambatomena BP 897",b'ANTANANARIVO',b'MADAGASCAR',+261202239850,https://mg.ambafrance.org/,-18.907433443487,47.522746324539,MG,+261202239884,cad.tananarive-fslt@diplomatie.gouv.fr,True,,MDG,AFRIQUE
Ambassade de France en  Malaisie,ambassade,Level 31- Integra Tower 348 jalan Tun Razak,b'KUALA LUMPUR',b'MALAISIE',+60320535500,https://my.ambafrance.org,3.1605204128118,101.72239022461,MY,+60320535502,,True,,MYS,ASIE
Ambassade de France au Mali,ambassade,Square Patrice Lumumba,b'BAMAKO',b'MALI',+22379416251,https://ml.ambafrance.org/,12.635920434797,-7.9949355125427,ML,,cad.bamako-amba@diplomatie.gouv.fr,True,,MLI,AFRIQUE
Consulat général de France à Bamako,consulat,Square Patrice Lumumba BP 17,b'BAMAKO',b'MALI',+22344975828,https://ml.ambafrance.org/-Le-Consulat-General-de-France-a-Bamako-,12.635920434797,-7.9949355125427,ML,,cad.bamako-fslt@diplomatie.gouv.fr,True,,MLI,AFRIQUE
Ambassade de France à Malte,ambassade,130 Melita Street - Valetta VLT 1123 PO Box 408,b'LA VALETTE',b'MALTE',+35622480600,https://mt.ambafrance.org/,35.898210923799,14.510064125061,MT,+35622480626,contact.la-valette-amba@diplomatie.gouv.fr,True,,MLT,EUROPE
Ambassade de France au Maroc,ambassade,"3, rue Sahnoun, Agdal",b'RABAT - CHELLAH',b'MAROC',+212537689700,https://ma.ambafrance.org/,34.007197321363,-6.8472933769226,MA,+212537689701,webmestre@ambafrance-ma.org,True,,MAR,AFRIQUE
Consulat général de France à Agadir,consulat,Boulevard Mohamed Cheikh Saadi BP 267,b'AGADIR',b'MAROC',+212528299150,https://ma.consulfrance.org/rubrique.php3?id_rubrique=122,30.422254521501,-9.5849061012268,MA,+212528299151,webmestre.agadir-fslt@diplomatie.gouv.fr,True,,MAR,AFRIQUE
Consulat général de France à Casablanca,consulat,"1, rue du Prince Moullay Abdallah",b'CASABLANCA',b'MAROC',+212522489300,https://ma.consulfrance.org/rubrique.php3?id_rubrique=123,33.58977231427,-7.6176127915405,MA,,webmestre.casablanca-fslt@diplomatie.gouv.fr,True,,MAR,AFRIQUE
Consulat général de France à Marrakech,consulat,rue Camille Cabana - Quartier de l'Hivernage BP 538,b'MARRAKECH',b'MAROC',+212524388200,https://ma.consulfrance.org/rubrique.php3?id_rubrique=125,31.625714041261,-8.0166292190552,MA,,consulat.marrakech-fslt@diplomatie.gouv.fr,True,,MAR,AFRIQUE
Consulat général de France à Tanger,consulat,"2, place de France BP 1281",b'TANGER',b'MAROC',+212539339600,https://ma.consulfrance.org/rubrique.php3?id_rubrique=127,35.781178472622,-5.8135378360748,MA,,webmestre.tanger-fslt@diplomatie.gouv.fr,True,,MAR,AFRIQUE
Consulat général de France à Fès,consulat,Avenue Abou Obeïda Ibn Al Jarrah BP 2227,b'FES',b'MAROC',+212535949400,https://ma.consulfrance.org/-Fes-,34.041200609534,-5.0047659873962,MA,,webmestre.fes-fslt@diplomatie.gouv.fr,True,,MAR,AFRIQUE
Consulat général de France à Rabat,consulat,1 rue Aguelmane Sidi Ali BP 139,b'RABAT',b'MAROC',,https://ma.consulfrance.org/rubrique.php3?id_rubrique=126,34.015975102034,-6.8336892127991,MA,,webmestre.rabat-fslt@diplomatie.gouv.fr,True,,MAR,AFRIQUE
Ambassade de France à Maurice,ambassade,"14, rue Saint-Georges",b'PORT-LOUIS',b'MAURICE',+2302020100,https://mu.ambafrance.org,-20.166439614121,57.501039420763,MU,,consulat.port-louis-amba@diplomatie.gouv.fr,True,,MUS,AFRIQUE
Ambassade de France en  Mauritanie,ambassade,Rue Ahmed ould Hamed - Quartier de Tevragh-Zeina BP 231,b'NOUAKCHOTT',b'MAURITANIE',+22245299699,https://mr.ambafrance.org/,18.095342278755,-15.983954071999,MR,,ambafrance.nouakchott-amba@diplomatie.gouv.fr,True,,MRT,AFRIQUE
Section consulaire de l'Ambassade de France à Nouakchott,consulat,Rue Ahmed ould Hamed - Quartier de Tevragh-Zeina,b'NOUAKCHOTT',b'MAURITANIE',+22245299526,https://mr.ambafrance.org,18.095357576052,-15.983962118626,MR,,ambafrance.nouakchott-amba@diplomatie.gouv.fr,True,,MRT,AFRIQUE
Ambassade de France au Mexique,ambassade,Campos Eliseos 339 - Colonia Polanco,b'MEXICO',b'MEXIQUE',+525591719700,https://mx.ambafrance.org/-Francais-,19.428179007408,-99.199579954147,MX,,presse.mexico-amba@diplomatie.gouv.fr,True,,MEX,AMERIQUE DU NORD
Consulat général de France à Mexico,consulat,Lafontaine 32 - Colonia Polanco,b'MEXICO',b'MEXIQUE',+525591719700,http://www.consulfrance-mexico.org/,19.4281268,-99.1990835,MX,,,True,,MEX,AMERIQUE DU NORD
Ambassade de France en  Moldavie,ambassade,"106 strada Bucuresti, -2004 Chisinau",b'CHISINAU',b'MOLDAVIE',+37322200400,https://md.ambafrance.org/,47.01648748334,28.826773166657,MD,+37322200401,infos.chisinau-amba@diplomatie.gouv.fr,True,,MDA,EUROPE
Ambassade de France à Monaco,ambassade,Le Roc fleuri - 1 rue du Ténao BP 345  MC,b'MONACO',b'MONACO',+37792165460,https://mc.ambafrance.org/,43.749074581433,7.4339025467634,MC,,courrier@ambafrance-mc.org,True,,MCO,EUROPE
Ambassade de France en  Mongolie,ambassade,"15, avenue de la Paix - 1er Khoroo - district de Chingeltei",b'OULAN BATOR',b'MONGOLIE',+97611324519,https://mn.ambafrance.org,47.916960430342,106.9137096405,MN,,contact@ambafrance-mn.org,True,,MNG,ASIE
Section consulaire de l'Ambassade de France à Oulan Bator,consulat,"15, avenue de la Paix - 1er Khoroo - district de Chingeltei",b'OULAN BATOR',b'MONGOLIE',+97611324519,https://mn.ambafrance.org/,47.916935263444,106.91399931908,MN,,contact@ambafrance-mn.org,True,,MNG,ASIE
Ambassade de France au Monténégro,ambassade,98 George Washington Blvd,b'PODGORICA',b'MONTENEGRO',+38220655348,https://me.ambafrance.org/,42.440489701598,19.243476390839,ME,,ambafrance@ambafrance.co.me,True,,MNE,EUROPE
Ambassade de France au Mozambique,ambassade,Avenida Julius Nyerere - BP 4781,b'MAPUTO',b'MOZAMBIQUE',+25821484600,https://mz.ambafrance.org/,-25.960422500542,32.601842880249,MZ,,admin-francais.maputo-amba@diplomatie.gouv.fr,True,,MOZ,AFRIQUE
Section consulaire de l'Ambassade de France à Maputo,consulat,"Avenue Julius Nyerere, 2385",b'MAPUTO',b'MOZAMBIQUE',+25821484600,https://mz.ambafrance.org/,-25.960422500542,32.601842880249,MZ,+25821484680,,True,,MOZ,AFRIQUE
Ambassade de France en  Namibie,ambassade,24 Willemien Street - PO BOX 20484,b'WINDHOEK',b'NAMIBIE',+26461276700,https://na.ambafrance.org/,-22.555113626296,17.084607784656,NA,,cad.windhoek-amba@diplomatie.gouv.fr,True,,NAM,AFRIQUE
Ambassade de France au Népal,ambassade,Lazimpat BP 452,b'KATMANDOU',b'NEPAL',+97714412332,https://np.ambafrance.org/,27.720052073266,85.319448709488,NP,,ambassade@ambafrance-np.org,True,,NPL,ASIE
Ambassade de France au Nicaragua,ambassade,Del colegio Teresano 1 C Este,b'MANAGUA',b'NICARAGUA',+50522702956,https://ni.ambafrance.org/,12.146971,-86.286026,NI,,,True,,NIC,AMERIQUE DU NORD
Ambassade de France au Niger,ambassade,Route des Ambassades BP 10660,b'NIAMEY',b'NIGER',+22720722431,https://ne.ambafrance.org/,13.524683,2.078116,NE,,niamey.consulat@diplomatie.gouv.fr,True,,NER,AFRIQUE
Section consulaire de l'Ambassade de France à Niamey,consulat,"boulevard de la Jeunesse, YA 23",b'NIAMEY',b'NIGER',+22720722431,https://ne.ambafrance.org/,13.524683,2.078116,NE,,niamey.consulat@diplomatie.gouv.fr,True,,NER,AFRIQUE
Ambassade de France au Nigéria,ambassade,"European Union Crescent, off Constitution Avenue - Central Business District",b'ABUJA',b'NIGERIA',+2348059499786,https://ng.ambafrance.org/,9.044999,7.459779,NG,,cad.abuja-amba@diplomatie.gouv.fr,True,,NGA,AFRIQUE
Consulat général de France à Lagos,consulat,Ikoyi Island - 1 Oyinkan Abayomi Drive,b'LAGOS',b'NIGERIA',+23414628484,https://ng.ambafrance.org/-Le-Consulat-General-,6.443333,3.430844,NG,,cad.lagos-fslt@diplomatie.gouv.fr,True,,NGA,AFRIQUE
Ambassade de France en  Norvège,ambassade,Drammensveien 69,b'OSLO',b'NORVEGE',+4723284600,https://no.ambafrance.org/,59.9132354,10.7056769,NO,+4723284671,ambafrance.oslo@diplomatie.gouv.fr,True,,NOR,EUROPE
Ambassade de France en  Nouvelle-Zélande,ambassade,20 Ballance Street PO Box 483,b'WELLINGTON',b'NOUVELLE-ZELANDE',+6443842555,https://nz.ambafrance.org/,-41.290198,174.7754,NZ,,information.wellington-amba@diplomatie.gouv.fr,True,CK|WS,NZL,OCEANIE
Ambassade de France en  Oman,ambassade,Madinet Qabous,b'MASCATE',b'OMAN',+96824681800,https://om.ambafrance.org/,23.603947,58.426874,OM,,contact@ambafrance-om.org,True,,OMN,ASIE
Ambassade de France en  Ouganda,ambassade,"Lumumba Avenue, 16 - Nakasero PO Box 7212",b'KAMPALA',b'OUGANDA',+256414304500,https://ug.ambafrance.org ,0.320061,32.576678,UG,,ambafrance.kampala@diplomatie.gouv.fr,True,,UGA,AFRIQUE
Ambassade de France en  Ouzbékistan,ambassade,Istiqbol 25,b'TACHKENT',b'OUZBEKISTAN',+998712328100,https://uz.ambafrance.org/,41.305005,69.286467,UZ,,cad.tachkent-amba@diplomatie.gouv.fr,True,,UZB,ASIE
Ambassade de France au Pakistan,ambassade,Diplomatic Enclave G5 GPO Box 1068,b'ISLAMABAD',b'PAKISTAN',+92512011414,https://pk.ambafrance.org,33.716736855653,73.106134830689,PK,,ambafrance.islamabad@diplomatie.gouv.fr,True,,PAK,ASIE
Consulat général de France à Karachi,consulat,12/A Mohammad Ali Bogra road - Bath Island,b'KARACHI',b'PAKISTAN',+92332135863980,https://pk.ambafrance.org/-Consulat-de-Karachi-,24.834356134174,67.030522227287,PK,,cgfrance@cyber.net.pk,True,,PAK,ASIE
Section consulaire de l'Ambassade de France à Islamabad,consulat,Diplomatic Enclave G5 - GPO Box 1068,b'ISLAMABAD',b'PAKISTAN',+92512011575,https://pk.ambafrance.org,33.716843945508,73.106070457672,PK,,visas.islamabad-amba@diplomatie.gouv.fr ; admin-francais.islamabad-amba@diplomatie.gouv.fr ;  etat-civil.islamabad-amba@diplomatie.gouv.fr,True,,PAK,ASIE
Ambassade de France au Panama,ambassade,"Plaza de Francia - Las Bovedas, San Felipe",b'PANAMA',b'PANAMA',+5072116200,https://pa.ambafrance.org/,8.950267,-79.532374,PA,+5072116201,contact@ambafrance-pa.org,True,BS,PAN,AMERIQUE DU NORD
Ambassade de France en  Papouasie-Nouvelle-Guinée,ambassade,BSP Haus – 6th floor – Harbour City PO Box 1155 - NCD 121,b'PORT MORESBY',b'PAPOUASIE-NOUVELLE-GUINEE',+6753215550,https://pg.ambafrance.org/,-9.4775772566037,147.15076088905,PG,,info@ambafrance-pg.org,True,,PNG,OCEANIE
Ambassade de France au Paraguay,ambassade,Avda General Santos 465 casi España,b'ASUNCION',b'PARAGUAY',+59521213840,https://py.ambafrance.org,-25.286271221834,-57.615861296654,PY,,chancellerie@ambafrance-py.org,True,,PRY,AMERIQUE DU SUD
Ambassade de France aux Pays-Bas,ambassade,Anna Paulownastraat 76,b'LA HAYE',b'PAYS-BAS',+31703125800,https://nl.ambafrance.org/-Francais-,52.082999851377,4.3161834767212,NL,+31703125824,info@ambafrance-nl.org,True,,NLD,EUROPE
Consulat général de France à Amsterdam,consulat,"De Boelelaan 7, 1083 HJ",b'AMSTERDAM',b'PAYS-BAS',+31205306969,https://amsterdam.consulfrance.org/,52.361946546909,4.8911674539672,NL,,,True,,NLD,EUROPE
Ambassade de France au Pérou,ambassade,Avenida Arequipa 3415 - San Isidro,b'LIMA',b'PEROU',+5112158400,https://pe.ambafrance.org/-Francais-,-12.099810273141,-77.03183054924,PE,,france-chancellerie@ambafrance-pe.org,True,,PER,AMERIQUE DU SUD
Section consulaire de l'Ambassade de France à Lima,consulat,Avenida Arequipa 3415 - San Isidro,b'LIMA',b'PEROU',+5112158400,https://pe.ambafrance.org/spip.php?rubrique1,-12.099810273141,-77.03183054924,PE,,france.consulat@ambafrance-pe.org,True,,PER,AMERIQUE DU SUD
Ambassade de France aux Philippines,ambassade,16th floor Pacific Star building - corner Sen. Gil Puyat Ext. and Makati avenues,b'MAKATI CITY',b'PHILIPPINES',+63288576900,https://ph.ambafrance.org/,14.560871419945,121.02723484736,PH,,admin-francais.manille-amba@diplomatie.gouv.fr,True,PW,PHL,ASIE
Section consulaire de l'Ambassade de France à Manille,consulat,16th floor Pacific Star building - corner Sen. Gil Puyat Ext. and Makatiavenues,b'MANILLE',b'PHILIPPINES',+6328576900,https://ph.ambafrance.org/,14.560871419945,121.02723484736,PH,,admin-francais.manille-amba@diplomatie.gouv.fr,True,,PHL,ASIE
Ambassade de France en Pologne,ambassade,Ulica Piekna 1,b'VARSOVIE',b'POLOGNE',+48225293000,https://pl.ambafrance.org,52.2237039,21.0272789,PL,,consulat@ambafrance-pl.org,True,,POL,EUROPE
Consulat général de France à Cracovie,consulat,Ulica Stolarska 15,b'CRACOVIE',b'POLOGNE',+48124245300,https://pl.ambafrance.org/-Consulat-general-de-France-a-Cracovie-,50.0595899,19.9387469,PL,,contact@cracovie.org.pl,True,,POL,EUROPE
Section consulaire de l'Ambassade de France à Varsovie,consulat,Ulica Piekna 1,b'VARSOVIE',b'POLOGNE',+48225293000,https://pl.ambafrance.org,52.2237039,21.0272789,PL,,consulat@ambafrance-pl.org,True,,POL,EUROPE
Ambassade de France au Portugal,ambassade,Rua Santos-o-Velho 5,b'LISBONNE',b'PORTUGAL',+351213939100,https://pt.ambafrance.org/,38.7072884,-9.1566018,PT,+351213939150,ambafrance@hotmail.com,True,,PRT,EUROPE
Section consulaire de l'Ambassade de France à Lisbonne,consulat,"rua Santos-o-Velho, 5",b'LISBONNE',b'PORTUGAL',+351213939100,https://pt.ambafrance.org/La-communaute-francaise-au-Portugal,38.707229970069,-9.1565212558892,PT,+351213939222,consulat.lisbonne@hotmail.com,True,,PRT,EUROPE
Ambassade de France au Qatar,ambassade,"West Bay, Diplomatic area PO Box 2669",b'DOHA',b'QATAR',+97444021777,https://qa.ambafrance.org/,25.329931447702,51.536628186508,QA,,contact@ambafrance-qa.org,True,,QAT,ASIE
Ambassade de France en  République centrafricaine,ambassade,"Avenue Charles-de-Gaulle, BP 884",b'BANGUI',b'REPUBLIQUE CENTRAFRICAINE',+23621613000,https://cf.ambafrance.org/,4.363025,18.590508,CF,,admin-francais.bangui-amba@diplomatie.gouv.fr,True,,CAF,AFRIQUE
Ambassade de France en  République démocratique du Congo ,ambassade,"1, avenue du Colonel Mondjiba",b'KINSHASA',b'REPUBLIQUE DEMOCRATIQUE DU CONGO',+243815559999,https://cd.ambafrance.org/,-4.320709,15.273254,CD,,presse.kinshasa-amba@diplomatie.gouv.fr,True,,COD,AFRIQUE
Ambassade de France en  République Dominicaine,ambassade,Calle las Damas n° 42 - Zona colonial BP 780,b'SAINT-DOMINGUE',b'REPUBLIQUE DOMINICAINE',+18096954300,https://do.ambafrance.org/,18.474394,-69.882969,DO,+18096954311,,True,,DOM,AMERIQUE DU NORD
Section consulaire de l'Ambassade de France à Saint-Domingue,consulat,Calle las Damas n° 42 - Zone coloniale,b'SAINT-DOMINGUE',b'REPUBLIQUE DOMINICAINE',+18096954300,https://do.ambafrance.org/,18.474394,-69.882969,DO,,,True,,DOM,AMERIQUE DU NORD
Ambassade de France en  République tchèque,ambassade,Velkoprevorské Namesti 2 - Mala Strana,b'PRAGUE 1',b'REPUBLIQUE TCHEQUE',+420251171711,https://cz.ambafrance.org/La-France-en-Republique-tcheque,50.0859249,14.4063104,CZ,,ambassade@france.cz,True,,CZE,EUROPE
Section consulaire de l'Ambassade de France à Prague,consulat,Velkoprevorské námestí 2 BP 102,b'PRAGUE 1',b'REPUBLIQUE TCHEQUE',+420251171711,https://cz.ambafrance.org/-Services-aux-Francais-,50.085556,14.4063471,CZ,+420251171740,consulat@france.cz,True,,CZE,EUROPE
Ambassade de France en  Roumanie,ambassade,13-15 Strada Biserica Amzei Secteur 1,b'BUCAREST',b'ROUMANIE',+40213031000,https://ro.ambafrance.org,44.445036299878,26.094611308598,RO,+40213031090,chancellerie.bucarest-amba@diplomatie.gouv.fr,True,,ROU,EUROPE
Section consulaire de l'Ambassade de France à Bucarest,consulat,13-15 Strada Biserica Amzei - Secteur 1,b'BUCAREST',b'ROUMANIE',+40213031000,https://ro.ambafrance.org/-La-section-consulaire-701-,44.44500757653,26.094732008004,RO,+40213031078,consulat.bucarest-amba@diplomatie.gouv.fr,True,,ROU,EUROPE
Ambassade de France au Royaume-Uni,ambassade,58 Knightsbridge SW1X 7 JT,b'LONDRES',b'ROYAUME-UNI',+442070731000,https://uk.ambafrance.org/-Francais-,51.502414637851,-0.15828758172302,GB,,ecrire.londres-fslt@diplomatie.gouv.fr,True,,GBR,EUROPE
Consulat général de France à Londres,consulat,21 Cromwell road,b'LONDRES',b'ROYAUME-UNI',+442070731200,https://uk.ambafrance.org/-Consulat-general-Londres-,51.495411767247,-0.1754229209015,GB,,ecrire.londres-fslt@diplomatie.gouv.fr,True,,GBR,EUROPE
Consulat général de France à Édimbourg,consulat,West Parliament Square,b'EDIMBOURG',b'ROYAUME-UNI',,https://uk.ambafrance.org/-Consulat-general-a-Edimbourg-,55.952413548012,-3.2119598374344,GB,,contact.edimbourg-fslt@diplomatie.gouv.fr,True,,GBR,EUROPE
Ambassade de France en Russie,ambassade,45 Bolchaïa Iakimanka,b'MOSCOU',b'RUSSIE',+74959371500,https://ru.ambafrance.org/-Francais-,55.732073,37.613823,RU,+74959371430,,True,,RUS,EUROPE
Consulat général de France à Moscou,consulat,45 Bolchaïa Iakimanka,b'MOSCOU',b'RUSSIE',+74959371500,https://ru.ambafrance.org/-Consulat-general-de-France-a-Moscou-,55.732018630816,37.613801542328,RU,+74953971413,consulat.moscou-fslt@diplomatie.gouv.fr,True,,RUS,EUROPE
Consulat général de France à Ekaterinbourg,consulat,22 rue Karl Liebknecht,b'EKATERINBOURG',b'RUSSIE',+73432530056,https://ru.ambafrance.org/-Ekaterinbourg-,56.840135631666,60.61159,RU,+73432530070,,True,,RUS,EUROPE
Consulat général de France à Saint-Pétersbourg,consulat,"Nevsky prospect, 12",b'SAINT-PETERSBOURG',b'RUSSIE',+78123322270,https://ru.ambafrance.org/-Saint-Petersbourg-,59.942417,30.32345,RU,+78123322290,consulat@francespb.org,True,,RUS,EUROPE
Ambassade de France au Rwanda,ambassade,3 KN 33st – BP 441,b'KIGALI',b'RWANDA',+250252551800,https://rw.ambafrance.org/,-1.9486086131602,30.066741796295,RW,+250252551820,,True,,RWA,AFRIQUE
Ambassade de France à Sainte-Lucie,ambassade,Nelson Mandela Drive - Vigie GPO Private Box 937,b'CASTRIES',b'SAINTE-LUCIE',+17584556060,https://lc.ambafrance.org,14.020162,-60.998036,LC,+17584556056,,True,AG|BB|DM|KN|VC,LCA,AMERIQUE DU NORD
Ambassade de France au Salvador,ambassade,1a Calle Poniente 3718 - Colonia Escalón,b'SAN SALVADOR',b'SALVADOR',+50322794013,https://sv.ambafrance.org,13.703092827561,-89.230210392929,SV,+50322981217,info@ambafrance-sv.org,True,BZ,SLV,AMERIQUE DU NORD
Ambassade de France au Gabon et à Sao Tomé-et-Principe,ambassade,"1, rue du Pont-Pirah BP 2125",b'LIBREVILLE',b'GABON',,https://ga.ambafrance.org/,0.38324189511388,9.446804523468,ST,,amba.libreville-amba@diplomatie.gouv.fr,True,,STP,AFRIQUE
Ambassade de France au Sénégal,ambassade,"1, rue El Hadji Amadou Assane Ndoye BP 4035",b'DAKAR',b'SENEGAL',+221338395100,https://sn.ambafrance.org/-Francais-,14.668372,-17.427627,SN,,webmestre.dakar-amba@diplomatie.gouv.fr,True,,SEN,AFRIQUE
Consulat général de France à Dakar,consulat,"1, rue El Hadji Amadou Assane Ndoye",b'DAKAR',b'SENEGAL',+221338395262,https://sn.ambafrance.org/-Le-Consulat-General-de-France-a-Dakar-,14.668331274754,-17.427671955472,SN,,,True,,SEN,AFRIQUE
Ambassade de France en Serbie,ambassade,Ulica Pariska n° 11,b'BELGRADE',b'SERBIE',+381113023500,https://rs.ambafrance.org/,44.819023476986,20.452646626984,RS,,fslt.belgrade-amba@diplomatie.gouv.fr,True,,SRB,EUROPE
Ambassade de France aux Seychelles,ambassade,Immeuble  La Ciotat à Mont Fleuri - 1er étage - Victoria BP 478,b'MAHE',b'SEYCHELLES',+2484225513,https://sc.ambafrance.org/,-4.6300781001915,55.456415843964,SC,,cad.victoria-amba@diplomatie.gouv.fr,True,,SYC,AFRIQUE
Ambassade de France à Singapour,ambassade,101-103 Cluny Park Road,b'SINGAPOUR',b'SINGAPOUR',+6568807800,https://sg.ambafrance.org/,1.322199,103.814122,SG,+6568807801,consulat.singapour-amba@diplomatie.gouv.fr,True,,SGP,ASIE
Section consulaire de l'Ambassade de France à Singapour,consulat,101-103 Cluny Park Road,b'SINGAPOUR',b'SINGAPOUR',+6568807800,https://sg.ambafrance.org/,1.322199,103.814122,SG,,,True,,SGP,ASIE
Ambassade de France en  Slovaquie,ambassade,Palais Kutscherfeld - Hlavné Namestie 7,b'BRATISLAVA',b'SLOVAQUIE',+421259347111,https://sk.ambafrance.org/,48.143736,17.108711,SK,,,True,,SVK,EUROPE
Ambassade de France en  Slovénie,ambassade,Barjanska cesta 1,b'LJUBLJANA',b'SLOVENIE',+386,https://si.ambafrance.org,46.046028300012,14.501255965082,SI,,contact@ambafrance-si.org,True,,SVN,EUROPE
Section consulaire de l'Ambassade de France à Ljubljana,consulat,Barjanska cesta 1,b'LJUBLJANA',b'SLOVENIE',+38614790430,https://si.ambafrance.org,46.045983619953,14.501277422754,SI,,contact@ambafrance-si.org,True,,SVN,EUROPE
Ambassade de France au Soudan,ambassade,Rue 13 Amarat,b'KHARTOUM',b'SOUDAN',+249183471082,https://sd.ambafrance.org/,15.580735367842,32.546803118771,SD,,cad.khartoum-amba@diplomatie.gouv.fr,True,,SDN,AFRIQUE
Ambassade de France au Soudan du Sud,ambassade,"Campus de l'UE, Kololo Road, Thomping,",b'DJOUBA',b'SOUDAN DU SUD',+211,https://ssd.ambafrance.org/,4.8546335884152,31.586552141431,SS,,,True,,SSD,AFRIQUE
Ambassade de France au Sri Lanka,ambassade,"89, Rosmead Place 7",b'COLOMBO',b'SRI LANKA',+94112639400,https://lk.ambafrance.org/,6.9145618919836,79.872403405974,LK,,contact@ambafrance-lk.org,True,,LKA,ASIE
Agence consulaire de France à Kandy,consulat,"Sinhaputhra Building - 11, Hill Street - Kandy",KANDY,b'SRI LANKA',+94815555551,,7.298429,80.636121,LK,+94812203403,kandy@frenchconsulate.net,True,,LKA,ASIE
Ambassade de France en  Suède,ambassade,Kommendörsgatan 13 Box 5135,b'STOCKHOLM',b'SUEDE',+4684595300,https://se.ambafrance.org,59.3388563,18.0792352,SE,,sec.stockholm-amba@diplomatie.gouv.fr,True,,SWE,EUROPE
Section consulaire de l'Ambassade de France à Stockholm,consulat,Kommendörsgatan 13 Box 5135,b'STOCKHOLM',b'SUEDE',+4684595300,https://se.ambafrance.org,59.3388563,18.0792352,SE,,consulat.stockholm-amba@diplomatie.gouv.fr,True,,SWE,EUROPE
Ambassade de France en  Suisse,ambassade,Schosshaldenstrasse 46,b'BERNE',b'SUISSE',+41313592111,https://ch.ambafrance.org,46.9470048,7.4664921,CH,,chancellerie.berne-amba@diplomatie.gouv.fr ,True,,CHE,EUROPE
Consulat général de France à Zurich,consulat,Signaustrasse 1,b'ZURICH',b'SUISSE',+41442688585,https://zurich.consulfrance.org/,47.3631574,8.5558741,CH,,Admin-francais.zurich-fslt@diplomatie.gouv.fr ,True,,CHE,EUROPE
Consulat général de France à Genève,consulat,"2, cours des Bastions",b'GENEVE',b'SUISSE',+41223190000,https://geneve.consulfrance.org/,46.1983344,6.147192,CH,,info@consulfrance-geneve.org,True,,CHE,EUROPE
Ambassade de France au Suriname,ambassade,Dr. J.F. Nassylaan 23 - PO Box 2648,b'PARAMARIBO',b'SURINAME',+597475222,https://sr.ambafrance.org/,5.8276358992055,-55.153288542328,SR,+597427301,,True,GY,SUR,AMERIQUE DU SUD
Ambassade de France en Syrie ,ambassade,Rue Ata-al-Ayyoubi - Al Afif BP 769,b'DAMAS',b'SYRIE',+963113390200,https://sy.ambafrance.org/,33.525395200088,36.285677,SY,,,False,,SYR,ASIE
Section consulaire de l'Ambassade de France à Damas ,consulat,Rue Ata-al-Ayyoubi - Al Afif,b'DAMAS',b'SYRIE',+963113390200,https://sy.ambafrance.org/,33.525395200088,36.285677,SY,,,False,,SYR,ASIE
Ambassade de France au Tadjikistan,ambassade,"Diar Douchanbé - 2/1, rue N. Huvaydulloev",b'DOUCHANBE',b'TADJIKISTAN',+992446203300,https://tj.ambafrance.org,38.614624,68.78088,TJ,,cad.douchanbe-amba@diplomatie.gouv.fr,True,,TJK,ASIE
Bureau français à Taipei,bureau,Suite 1003 - n°205 Tun Hwa North Road,b'TAIPEI',b'TAIWAN',+886,https://www.france-taipei.org/,25.056197322953,121.54978840741,TW,,admin-francais.taipei-ift@diplomatie.gouv.fr,True,,TWN,ASIE
Ambassade de France en  Tanzanie,ambassade,Ali Hassan Mwinyi Road (angle Kilimani Road) PO Box 2349,b'DAR ES SALAAM 14 110',b'TANZANIE',+255222198800,https://tz.ambafrance.org/,-6.789127,39.278606,TZ,,admin-francais.dar-es-salam-amba@diplomatie.gouv.fr,True,,TZA,AFRIQUE
Ambassade de France au Tchad,ambassade,Rue de l'Adjudant-Chef Zouala Agoyna,"b""N'DJAMENA""",b'TCHAD',+23522522576,https://td.ambafrance.org/,12.116254,15.030836,TD,,,True,,TCD,AFRIQUE
Ambassade de France en  Thaïlande,ambassade,"35 Charoenkrung soi 36 (Rue de Brest), Bangrak,",b'BANGKOK',b'THAILANDE',+6626575100,https://th.ambafrance.org/,13.697892,100.497919,TH,,,True,,THA,ASIE
Section consulaire de l'Ambassade de France à Bangkok,consulat,"35 Charoenkrung soi 36 (Rue de Brest), Bangrak,",b'BANGKOK',b'THAILANDE',+6626575100,https://th.ambafrance.org/,13.697892,100.497919,TH,,registre.bangkok-amba@diplomatie.gouv.fr ; etat-civil.bangkok-amba@diplomatie.gouv.fr ; social.bangkok-amba@diplomatie.gouv.fr,True,,THA,ASIE
Ambassade de France au Togo,ambassade,13 Avenue Mama Fousséni BP 337,b'LOME',b'TOGO',+22822234600,https://tg.ambafrance.org/,6.121908,1.220886,TG,+22822234601,webmestre.lome-amba@diplomatie.gouv.fr,True,,TGO,AFRIQUE
Section consulaire de l'Ambassade de France à Lomé,consulat,Rue de la Marina,b'LOME',b'TOGO',+22822234640,https://tg.ambafrance.org/,6.124503,1.216894,TG,,,True,,TGO,AFRIQUE
Ambassade de France à Trinité-et-Tobago,ambassade,"7 Mary Street, St Clair","b""PORT D'ESPAGNE""",b'TRINITE ET TOBAGO',+18686281931,https://tt.ambafrance.org/,10.671486,-61.5202,TT,+18686282632,info@ambafrance-tt.org,True,,TTO,AMERIQUE DU NORD
Ambassade de France en  Tunisie,ambassade,"2, place de l'IndépendanceBP 493",b'TUNIS',b'TUNISIE',+21631315000,https://tn.ambafrance.org,36.798942,10.179153,TN,,,True,,TUN,AFRIQUE
Consulat général de France à Tunis,consulat,"1, place de l'Indépendance",b'TUNIS',b'TUNISIE',+21631315000,https://tunis.consulfrance.org/,36.799260715087,10.179170954631,TN,,,True,,TUN,AFRIQUE
Ambassade de France au Turkménistan,ambassade,"35, rue 2029 (ancienne rue Esgerler)",b'ACHGABAT',b'TURKMENISTAN',+99312363550,https://tm.ambafrance.org/,37.953496,58.361136833333,TM,+99312363546,cad.achgabat-amba@diplomatie.gouv.fr,True,,TKM,ASIE
Ambassade de France en  Turquie,ambassade,Paris Caddesi n° 70 - Kavaklidere,b'ANKARA',b'TURQUIE',+903124554545,https://tr.ambafrance.org/,39.902572,32.856791,TR,,Admin-francais.ankara-amba@diplomatie.gouv.fr,True,,TUR,ASIE
Consulat général de France à Istanbul,consulat,Istiklal Caddesi No : 4 Beyoğlu / Taksim,b'ISTANBUL',b'TURQUIE',+902123348730,https://istanbul.consulfrance.org/,41.036195,28.983816,TR,+902123348731,mail@consulfrance-istanbul.org,True,,TUR,ASIE
Ambassade de France en  Ukraine,ambassade,"39, rue Reitarska",b'KIEV',b'UKRAINE',+380445903600,https://ua.ambafrance.org,50.453954,30.507938,UA,,ambafrance-ukraine.kiev-amba@diplomatie.gouv.fr,True,,UKR,EUROPE
Ambassade de France en  Uruguay,ambassade,Avenida Uruguay 853,b'MONTEVIDEO',b'URUGUAY',+598217050000,https://uy.ambafrance.org/-Francais-,-34.903405,-56.198194,UY,,contact@ambafranceuruguay.org,True,,URY,AMERIQUE DU SUD
Ambassade de France au Vanuatu,ambassade,Lini Highway,b'PORT-VILA',b'VANUATU',+67828700,https://vu.ambafrance.org/,-17.737119282568,168.31358193254,VU,,,True,SB,VUT,OCEANIE
Ambassade de France au Vénézuéla,ambassade,Calle Madrid con avenida Trinidad - Las Mercedes Apartado 60385,b'CARACAS',b'VENEZUELA',+582129096542,https://ve.ambafrance.org,10.483375384719,-66.85975317791,VE,,admin-francais.caracas-amba@diplomatie.gouv.fr,True,,VEN,AMERIQUE DU SUD
Ambassade de France au Vietnam,ambassade,57 Tran Hung Dao,b'HANOI',b'VIETNAM',+842439445700,https://vn.ambafrance.org/,21.020992,105.850586,VN,,,True,,VNM,ASIE
Consulat général de France à Hô Chi Minh-Ville,consulat,27 Nguyên Thi Minh Khai,b'HO CHI-MINH VILLE',b'VIETNAM',+842835206800,https://ho-chi-minh-ville.consulfrance.org/,10.7848,106.700031,VN,,,True,,VNM,ASIE
Ambassade de France au Yémen ,ambassade,"45, boulevard du Maréchal Foch",b'DJIBOUTI',YEMEN,+25321350963, https://dj.ambafrance.org/,11.607725,43.151249,YE,,,False,,YEM,ASIE
Ambassade de France en  Zambie,ambassade,31F Leopard's hill close - PO Box 30062,b'LUSAKA',b'ZAMBIE',+260971054128,https://zm.ambafrance.org,-15.435541408708,28.349018096924,ZM,,lusaka@ambafrance-zm.org,True,,ZMB,AFRIQUE
Ambassade de France au Zimbabwé,ambassade,3 Princess Drive Newlands,b'HARARE',b'ZIMBABWE',+2638677007154,https://zw.ambafrance.org/,-17.826134,31.048617,ZW,+2638677007158,web.harare@diplomatie.gouv.fr,True,,ZWE,AFRIQUE
